feature,avg_impact
registry_verified,0.25791287878528235
has_founder_linkedin,0.22351378047838807
norm_revenue,0.1377698097121902
norm_funding,0.11478019511559978
domain_age_years,0.11162303015589714
num_funding_rounds,0.08206616486801067
EmailScore,0.05224368044990115
